{
  "dataset_shape": [
    11357,
    78
  ],
  "target_thresholds": {
    "Low": "0-100",
    "Medium": "101-1000",
    "High": "1001+"
  },
  "class_distribution": {
    "Low": 7197,
    "Medium": 2864,
    "High": 1296
  },
  "train_size": 9085,
  "test_size": 2272,
  "features_engineered": 111,
  "hyperparameter_tuning": {
    "LightGBM_n_estimators": {
      "values": [
        200,
        400,
        600
      ],
      "cv_acc": [
        0.8865162355531095,
        0.8847550908090259,
        0.8844248761695102
      ],
      "best": 200
    },
    "LightGBM_n_leaves": {
      "values": [
        31,
        62,
        127
      ],
      "cv_acc": [
        0.8861860209135939,
        0.8837644468904788,
        0.8850853054485416
      ],
      "best": 31
    },
    "GradientBoosting_n_estimators": {
      "values": [
        100,
        200,
        300
      ],
      "cv_acc": [
        0.8856356631810677,
        0.8868464501926251,
        0.8868464501926251
      ],
      "best": 200
    },
    "GradientBoosting_Max_Depth": {
      "values": [
        3,
        5,
        7
      ],
      "cv_acc": [
        0.8851953769950468,
        0.8868464501926251,
        0.8850853054485416
      ],
      "best": 5
    },
    "StackedEnsemble_meta_n_estimators": {
      "values": [
        50,
        100,
        200
      ],
      "cv_acc": [
        0.8871766648321409,
        0.8866263070996148,
        0.8844248761695102
      ],
      "best": 50
    },
    "StackedEnsemble_meta_max_depth": {
      "values": [
        2,
        3,
        5
      ],
      "cv_acc": [
        0.8866263070996148,
        0.8871766648321409,
        0.884314804623005
      ],
      "best": 3
    }
  },
  "models": {
    "LightGBM": {
      "model": "LightGBM",
      "accuracy": 0.8908,
      "accuracy_%": 89.08,
      "train_time": 1.2141,
      "test_time": 0.025432
    },
    "GradientBoosting": {
      "model": "GradientBoosting",
      "accuracy": 0.893,
      "accuracy_%": 89.3,
      "train_time": 37.6266,
      "test_time": 0.025677
    },
    "Stacked Ensemble": {
      "model": "Stacked Ensemble",
      "accuracy": 0.8966,
      "accuracy_%": 89.66,
      "train_time": 44.9453,
      "test_time": 0.001773
    }
  }
}